,eeg,gaze,image,run,truth,usernum,video,fullPath
0,./Finalised/User_0/run_0/EEG.csv,./Finalised/User_0/run_0/Gaze.csv,./Finalised/User_0/run_0/image.csv,0,1,0,./Finalised/User_0/run_0/video.mp4,/Users/nikhilrajput/Downloads/ML_DL/deception detection/BagOfLies/Finalised/User_0/run_0/EEG.csv
1,./Finalised/User_0/run_1/EEG.csv,./Finalised/User_0/run_1/Gaze.csv,./Finalised/User_0/run_1/image.csv,1,0,0,./Finalised/User_0/run_1/video.mp4,/Users/nikhilrajput/Downloads/ML_DL/deception detection/BagOfLies/Finalised/User_0/run_1/EEG.csv
2,./Finalised/User_0/run_2/EEG.csv,./Finalised/User_0/run_2/Gaze.csv,./Finalised/User_0/run_2/image.csv,2,0,0,./Finalised/User_0/run_2/video.mp4,/Users/nikhilrajput/Downloads/ML_DL/deception detection/BagOfLies/Finalised/User_0/run_2/EEG.csv
3,./Finalised/User_0/run_3/EEG.csv,./Finalised/User_0/run_3/Gaze.csv,./Finalised/User_0/run_3/image.csv,3,0,0,./Finalised/User_0/run_3/video.mp4,/Users/nikhilrajput/Downloads/ML_DL/deception detection/BagOfLies/Finalised/User_0/run_3/EEG.csv
5,./Finalised/User_0/run_5/EEG.csv,./Finalised/User_0/run_5/Gaze.csv,./Finalised/User_0/run_5/image.csv,5,1,0,./Finalised/User_0/run_5/video.mp4,/Users/nikhilrajput/Downloads/ML_DL/deception detection/BagOfLies/Finalised/User_0/run_5/EEG.csv
6,./Finalised/User_1/run_0/EEG.csv,./Finalised/User_1/run_0/Gaze.csv,./Finalised/User_1/run_0/image.csv,0,1,1,./Finalised/User_1/run_0/video.mp4,/Users/nikhilrajput/Downloads/ML_DL/deception detection/BagOfLies/Finalised/User_1/run_0/EEG.csv
7,./Finalised/User_1/run_1/EEG.csv,./Finalised/User_1/run_1/Gaze.csv,./Finalised/User_1/run_1/image.csv,1,0,1,./Finalised/User_1/run_1/video.mp4,/Users/nikhilrajput/Downloads/ML_DL/deception detection/BagOfLies/Finalised/User_1/run_1/EEG.csv
8,./Finalised/User_1/run_2/EEG.csv,./Finalised/User_1/run_2/Gaze.csv,./Finalised/User_1/run_2/image.csv,2,1,1,./Finalised/User_1/run_2/video.mp4,/Users/nikhilrajput/Downloads/ML_DL/deception detection/BagOfLies/Finalised/User_1/run_2/EEG.csv
9,./Finalised/User_1/run_3/EEG.csv,./Finalised/User_1/run_3/Gaze.csv,./Finalised/User_1/run_3/image.csv,3,1,1,./Finalised/User_1/run_3/video.mp4,/Users/nikhilrajput/Downloads/ML_DL/deception detection/BagOfLies/Finalised/User_1/run_3/EEG.csv
10,./Finalised/User_1/run_4/EEG.csv,./Finalised/User_1/run_4/Gaze.csv,./Finalised/User_1/run_4/image.csv,4,0,1,./Finalised/User_1/run_4/video.mp4,/Users/nikhilrajput/Downloads/ML_DL/deception detection/BagOfLies/Finalised/User_1/run_4/EEG.csv
11,./Finalised/User_1/run_5/EEG.csv,./Finalised/User_1/run_5/Gaze.csv,./Finalised/User_1/run_5/image.csv,5,1,1,./Finalised/User_1/run_5/video.mp4,/Users/nikhilrajput/Downloads/ML_DL/deception detection/BagOfLies/Finalised/User_1/run_5/EEG.csv
12,./Finalised/User_2/run_0/EEG.csv,./Finalised/User_2/run_0/Gaze.csv,./Finalised/User_2/run_0/image.csv,0,1,2,./Finalised/User_2/run_0/video.mp4,/Users/nikhilrajput/Downloads/ML_DL/deception detection/BagOfLies/Finalised/User_2/run_0/EEG.csv
13,./Finalised/User_2/run_1/EEG.csv,./Finalised/User_2/run_1/Gaze.csv,./Finalised/User_2/run_1/image.csv,1,0,2,./Finalised/User_2/run_1/video.mp4,/Users/nikhilrajput/Downloads/ML_DL/deception detection/BagOfLies/Finalised/User_2/run_1/EEG.csv
15,./Finalised/User_3/run_0/EEG.csv,./Finalised/User_3/run_0/Gaze.csv,./Finalised/User_3/run_0/image.csv,0,0,3,./Finalised/User_3/run_0/video.mp4,/Users/nikhilrajput/Downloads/ML_DL/deception detection/BagOfLies/Finalised/User_3/run_0/EEG.csv
16,./Finalised/User_3/run_1/EEG.csv,./Finalised/User_3/run_1/Gaze.csv,./Finalised/User_3/run_1/image.csv,1,0,3,./Finalised/User_3/run_1/video.mp4,/Users/nikhilrajput/Downloads/ML_DL/deception detection/BagOfLies/Finalised/User_3/run_1/EEG.csv
17,./Finalised/User_3/run_2/EEG.csv,./Finalised/User_3/run_2/Gaze.csv,./Finalised/User_3/run_2/image.csv,2,1,3,./Finalised/User_3/run_2/video.mp4,/Users/nikhilrajput/Downloads/ML_DL/deception detection/BagOfLies/Finalised/User_3/run_2/EEG.csv
18,./Finalised/User_3/run_3/EEG.csv,./Finalised/User_3/run_3/Gaze.csv,./Finalised/User_3/run_3/image.csv,3,1,3,./Finalised/User_3/run_3/video.mp4,/Users/nikhilrajput/Downloads/ML_DL/deception detection/BagOfLies/Finalised/User_3/run_3/EEG.csv
19,./Finalised/User_3/run_4/EEG.csv,./Finalised/User_3/run_4/Gaze.csv,./Finalised/User_3/run_4/image.csv,4,0,3,./Finalised/User_3/run_4/video.mp4,/Users/nikhilrajput/Downloads/ML_DL/deception detection/BagOfLies/Finalised/User_3/run_4/EEG.csv
20,./Finalised/User_3/run_5/EEG.csv,./Finalised/User_3/run_5/Gaze.csv,./Finalised/User_3/run_5/image.csv,5,1,3,./Finalised/User_3/run_5/video.mp4,/Users/nikhilrajput/Downloads/ML_DL/deception detection/BagOfLies/Finalised/User_3/run_5/EEG.csv
21,./Finalised/User_3/run_6/EEG.csv,./Finalised/User_3/run_6/Gaze.csv,./Finalised/User_3/run_6/image.csv,6,0,3,./Finalised/User_3/run_6/video.mp4,/Users/nikhilrajput/Downloads/ML_DL/deception detection/BagOfLies/Finalised/User_3/run_6/EEG.csv
22,./Finalised/User_3/run_7/EEG.csv,./Finalised/User_3/run_7/Gaze.csv,./Finalised/User_3/run_7/image.csv,7,1,3,./Finalised/User_3/run_7/video.mp4,/Users/nikhilrajput/Downloads/ML_DL/deception detection/BagOfLies/Finalised/User_3/run_7/EEG.csv
23,./Finalised/User_4/run_0/EEG.csv,./Finalised/User_4/run_0/Gaze.csv,./Finalised/User_4/run_0/image.csv,0,1,4,./Finalised/User_4/run_0/video.mp4,/Users/nikhilrajput/Downloads/ML_DL/deception detection/BagOfLies/Finalised/User_4/run_0/EEG.csv
24,./Finalised/User_4/run_1/EEG.csv,./Finalised/User_4/run_1/Gaze.csv,./Finalised/User_4/run_1/image.csv,1,1,4,./Finalised/User_4/run_1/video.mp4,/Users/nikhilrajput/Downloads/ML_DL/deception detection/BagOfLies/Finalised/User_4/run_1/EEG.csv
25,./Finalised/User_4/run_2/EEG.csv,./Finalised/User_4/run_2/Gaze.csv,./Finalised/User_4/run_2/image.csv,2,1,4,./Finalised/User_4/run_2/video.mp4,/Users/nikhilrajput/Downloads/ML_DL/deception detection/BagOfLies/Finalised/User_4/run_2/EEG.csv
26,./Finalised/User_4/run_3/EEG.csv,./Finalised/User_4/run_3/Gaze.csv,./Finalised/User_4/run_3/image.csv,3,0,4,./Finalised/User_4/run_3/video.mp4,/Users/nikhilrajput/Downloads/ML_DL/deception detection/BagOfLies/Finalised/User_4/run_3/EEG.csv
27,./Finalised/User_4/run_4/EEG.csv,./Finalised/User_4/run_4/Gaze.csv,./Finalised/User_4/run_4/image.csv,4,1,4,./Finalised/User_4/run_4/video.mp4,/Users/nikhilrajput/Downloads/ML_DL/deception detection/BagOfLies/Finalised/User_4/run_4/EEG.csv
28,./Finalised/User_4/run_5/EEG.csv,./Finalised/User_4/run_5/Gaze.csv,./Finalised/User_4/run_5/image.csv,5,0,4,./Finalised/User_4/run_5/video.mp4,/Users/nikhilrajput/Downloads/ML_DL/deception detection/BagOfLies/Finalised/User_4/run_5/EEG.csv
29,./Finalised/User_4/run_6/EEG.csv,./Finalised/User_4/run_6/Gaze.csv,./Finalised/User_4/run_6/image.csv,6,0,4,./Finalised/User_4/run_6/video.mp4,/Users/nikhilrajput/Downloads/ML_DL/deception detection/BagOfLies/Finalised/User_4/run_6/EEG.csv
30,./Finalised/User_4/run_7/EEG.csv,./Finalised/User_4/run_7/Gaze.csv,./Finalised/User_4/run_7/image.csv,7,1,4,./Finalised/User_4/run_7/video.mp4,/Users/nikhilrajput/Downloads/ML_DL/deception detection/BagOfLies/Finalised/User_4/run_7/EEG.csv
31,./Finalised/User_4/run_8/EEG.csv,./Finalised/User_4/run_8/Gaze.csv,./Finalised/User_4/run_8/image.csv,8,0,4,./Finalised/User_4/run_8/video.mp4,/Users/nikhilrajput/Downloads/ML_DL/deception detection/BagOfLies/Finalised/User_4/run_8/EEG.csv
32,./Finalised/User_4/run_9/EEG.csv,./Finalised/User_4/run_9/Gaze.csv,./Finalised/User_4/run_9/image.csv,9,0,4,./Finalised/User_4/run_9/video.mp4,/Users/nikhilrajput/Downloads/ML_DL/deception detection/BagOfLies/Finalised/User_4/run_9/EEG.csv
54,./Finalised/User_7/run_0/EEG.csv,./Finalised/User_7/run_0/Gaze.csv,./Finalised/User_7/run_0/image.csv,0,1,7,./Finalised/User_7/run_0/video.mp4,/Users/nikhilrajput/Downloads/ML_DL/deception detection/BagOfLies/Finalised/User_7/run_0/EEG.csv
55,./Finalised/User_7/run_1/EEG.csv,./Finalised/User_7/run_1/Gaze.csv,./Finalised/User_7/run_1/image.csv,1,0,7,./Finalised/User_7/run_1/video.mp4,/Users/nikhilrajput/Downloads/ML_DL/deception detection/BagOfLies/Finalised/User_7/run_1/EEG.csv
56,./Finalised/User_7/run_2/EEG.csv,./Finalised/User_7/run_2/Gaze.csv,./Finalised/User_7/run_2/image.csv,2,1,7,./Finalised/User_7/run_2/video.mp4,/Users/nikhilrajput/Downloads/ML_DL/deception detection/BagOfLies/Finalised/User_7/run_2/EEG.csv
57,./Finalised/User_7/run_3/EEG.csv,./Finalised/User_7/run_3/Gaze.csv,./Finalised/User_7/run_3/image.csv,3,0,7,./Finalised/User_7/run_3/video.mp4,/Users/nikhilrajput/Downloads/ML_DL/deception detection/BagOfLies/Finalised/User_7/run_3/EEG.csv
58,./Finalised/User_7/run_4/EEG.csv,./Finalised/User_7/run_4/Gaze.csv,./Finalised/User_7/run_4/image.csv,4,0,7,./Finalised/User_7/run_4/video.mp4,/Users/nikhilrajput/Downloads/ML_DL/deception detection/BagOfLies/Finalised/User_7/run_4/EEG.csv
59,./Finalised/User_7/run_5/EEG.csv,./Finalised/User_7/run_5/Gaze.csv,./Finalised/User_7/run_5/image.csv,5,1,7,./Finalised/User_7/run_5/video.mp4,/Users/nikhilrajput/Downloads/ML_DL/deception detection/BagOfLies/Finalised/User_7/run_5/EEG.csv
60,./Finalised/User_7/run_6/EEG.csv,./Finalised/User_7/run_6/Gaze.csv,./Finalised/User_7/run_6/image.csv,6,0,7,./Finalised/User_7/run_6/video.mp4,/Users/nikhilrajput/Downloads/ML_DL/deception detection/BagOfLies/Finalised/User_7/run_6/EEG.csv
61,./Finalised/User_7/run_7/EEG.csv,./Finalised/User_7/run_7/Gaze.csv,./Finalised/User_7/run_7/image.csv,7,1,7,./Finalised/User_7/run_7/video.mp4,/Users/nikhilrajput/Downloads/ML_DL/deception detection/BagOfLies/Finalised/User_7/run_7/EEG.csv
62,./Finalised/User_7/run_8/EEG.csv,./Finalised/User_7/run_8/Gaze.csv,./Finalised/User_7/run_8/image.csv,8,0,7,./Finalised/User_7/run_8/video.mp4,/Users/nikhilrajput/Downloads/ML_DL/deception detection/BagOfLies/Finalised/User_7/run_8/EEG.csv
63,./Finalised/User_7/run_9/EEG.csv,./Finalised/User_7/run_9/Gaze.csv,./Finalised/User_7/run_9/image.csv,9,1,7,./Finalised/User_7/run_9/video.mp4,/Users/nikhilrajput/Downloads/ML_DL/deception detection/BagOfLies/Finalised/User_7/run_9/EEG.csv
74,./Finalised/User_9/run_0/EEG.csv,./Finalised/User_9/run_0/Gaze.csv,./Finalised/User_9/run_0/image.csv,0,1,9,./Finalised/User_9/run_0/video.mp4,/Users/nikhilrajput/Downloads/ML_DL/deception detection/BagOfLies/Finalised/User_9/run_0/EEG.csv
76,./Finalised/User_9/run_2/EEG.csv,./Finalised/User_9/run_2/Gaze.csv,./Finalised/User_9/run_2/image.csv,2,0,9,./Finalised/User_9/run_2/video.mp4,/Users/nikhilrajput/Downloads/ML_DL/deception detection/BagOfLies/Finalised/User_9/run_2/EEG.csv
77,./Finalised/User_9/run_3/EEG.csv,./Finalised/User_9/run_3/Gaze.csv,./Finalised/User_9/run_3/image.csv,3,1,9,./Finalised/User_9/run_3/video.mp4,/Users/nikhilrajput/Downloads/ML_DL/deception detection/BagOfLies/Finalised/User_9/run_3/EEG.csv
78,./Finalised/User_9/run_4/EEG.csv,./Finalised/User_9/run_4/Gaze.csv,./Finalised/User_9/run_4/image.csv,4,0,9,./Finalised/User_9/run_4/video.mp4,/Users/nikhilrajput/Downloads/ML_DL/deception detection/BagOfLies/Finalised/User_9/run_4/EEG.csv
79,./Finalised/User_9/run_5/EEG.csv,./Finalised/User_9/run_5/Gaze.csv,./Finalised/User_9/run_5/image.csv,5,1,9,./Finalised/User_9/run_5/video.mp4,/Users/nikhilrajput/Downloads/ML_DL/deception detection/BagOfLies/Finalised/User_9/run_5/EEG.csv
80,./Finalised/User_9/run_6/EEG.csv,./Finalised/User_9/run_6/Gaze.csv,./Finalised/User_9/run_6/image.csv,6,0,9,./Finalised/User_9/run_6/video.mp4,/Users/nikhilrajput/Downloads/ML_DL/deception detection/BagOfLies/Finalised/User_9/run_6/EEG.csv
81,./Finalised/User_9/run_7/EEG.csv,./Finalised/User_9/run_7/Gaze.csv,./Finalised/User_9/run_7/image.csv,7,1,9,./Finalised/User_9/run_7/video.mp4,/Users/nikhilrajput/Downloads/ML_DL/deception detection/BagOfLies/Finalised/User_9/run_7/EEG.csv
111,./Finalised/User_13/run_0/EEG.csv,./Finalised/User_13/run_0/Gaze.csv,./Finalised/User_13/run_0/image.csv,0,1,13,./Finalised/User_13/run_0/video.mp4,/Users/nikhilrajput/Downloads/ML_DL/deception detection/BagOfLies/Finalised/User_13/run_0/EEG.csv
112,./Finalised/User_13/run_1/EEG.csv,./Finalised/User_13/run_1/Gaze.csv,./Finalised/User_13/run_1/image.csv,1,1,13,./Finalised/User_13/run_1/video.mp4,/Users/nikhilrajput/Downloads/ML_DL/deception detection/BagOfLies/Finalised/User_13/run_1/EEG.csv
113,./Finalised/User_13/run_2/EEG.csv,./Finalised/User_13/run_2/Gaze.csv,./Finalised/User_13/run_2/image.csv,2,1,13,./Finalised/User_13/run_2/video.mp4,/Users/nikhilrajput/Downloads/ML_DL/deception detection/BagOfLies/Finalised/User_13/run_2/EEG.csv
114,./Finalised/User_13/run_3/EEG.csv,./Finalised/User_13/run_3/Gaze.csv,./Finalised/User_13/run_3/image.csv,3,0,13,./Finalised/User_13/run_3/video.mp4,/Users/nikhilrajput/Downloads/ML_DL/deception detection/BagOfLies/Finalised/User_13/run_3/EEG.csv
115,./Finalised/User_13/run_4/EEG.csv,./Finalised/User_13/run_4/Gaze.csv,./Finalised/User_13/run_4/image.csv,4,1,13,./Finalised/User_13/run_4/video.mp4,/Users/nikhilrajput/Downloads/ML_DL/deception detection/BagOfLies/Finalised/User_13/run_4/EEG.csv
116,./Finalised/User_13/run_5/EEG.csv,./Finalised/User_13/run_5/Gaze.csv,./Finalised/User_13/run_5/image.csv,5,0,13,./Finalised/User_13/run_5/video.mp4,/Users/nikhilrajput/Downloads/ML_DL/deception detection/BagOfLies/Finalised/User_13/run_5/EEG.csv
117,./Finalised/User_13/run_6/EEG.csv,./Finalised/User_13/run_6/Gaze.csv,./Finalised/User_13/run_6/image.csv,6,0,13,./Finalised/User_13/run_6/video.mp4,/Users/nikhilrajput/Downloads/ML_DL/deception detection/BagOfLies/Finalised/User_13/run_6/EEG.csv
118,./Finalised/User_13/run_7/EEG.csv,./Finalised/User_13/run_7/Gaze.csv,./Finalised/User_13/run_7/image.csv,7,0,13,./Finalised/User_13/run_7/video.mp4,/Users/nikhilrajput/Downloads/ML_DL/deception detection/BagOfLies/Finalised/User_13/run_7/EEG.csv
119,./Finalised/User_13/run_8/EEG.csv,./Finalised/User_13/run_8/Gaze.csv,./Finalised/User_13/run_8/image.csv,8,1,13,./Finalised/User_13/run_8/video.mp4,/Users/nikhilrajput/Downloads/ML_DL/deception detection/BagOfLies/Finalised/User_13/run_8/EEG.csv
120,./Finalised/User_13/run_9/EEG.csv,./Finalised/User_13/run_9/Gaze.csv,./Finalised/User_13/run_9/image.csv,9,0,13,./Finalised/User_13/run_9/video.mp4,/Users/nikhilrajput/Downloads/ML_DL/deception detection/BagOfLies/Finalised/User_13/run_9/EEG.csv
121,./Finalised/User_14/run_0/EEG.csv,./Finalised/User_14/run_0/Gaze.csv,./Finalised/User_14/run_0/image.csv,0,1,14,./Finalised/User_14/run_0/video.mp4,/Users/nikhilrajput/Downloads/ML_DL/deception detection/BagOfLies/Finalised/User_14/run_0/EEG.csv
122,./Finalised/User_14/run_1/EEG.csv,./Finalised/User_14/run_1/Gaze.csv,./Finalised/User_14/run_1/image.csv,1,0,14,./Finalised/User_14/run_1/video.mp4,/Users/nikhilrajput/Downloads/ML_DL/deception detection/BagOfLies/Finalised/User_14/run_1/EEG.csv
123,./Finalised/User_14/run_2/EEG.csv,./Finalised/User_14/run_2/Gaze.csv,./Finalised/User_14/run_2/image.csv,2,0,14,./Finalised/User_14/run_2/video.mp4,/Users/nikhilrajput/Downloads/ML_DL/deception detection/BagOfLies/Finalised/User_14/run_2/EEG.csv
124,./Finalised/User_14/run_3/EEG.csv,./Finalised/User_14/run_3/Gaze.csv,./Finalised/User_14/run_3/image.csv,3,1,14,./Finalised/User_14/run_3/video.mp4,/Users/nikhilrajput/Downloads/ML_DL/deception detection/BagOfLies/Finalised/User_14/run_3/EEG.csv
125,./Finalised/User_14/run_4/EEG.csv,./Finalised/User_14/run_4/Gaze.csv,./Finalised/User_14/run_4/image.csv,4,1,14,./Finalised/User_14/run_4/video.mp4,/Users/nikhilrajput/Downloads/ML_DL/deception detection/BagOfLies/Finalised/User_14/run_4/EEG.csv
126,./Finalised/User_14/run_5/EEG.csv,./Finalised/User_14/run_5/Gaze.csv,./Finalised/User_14/run_5/image.csv,5,0,14,./Finalised/User_14/run_5/video.mp4,/Users/nikhilrajput/Downloads/ML_DL/deception detection/BagOfLies/Finalised/User_14/run_5/EEG.csv
127,./Finalised/User_14/run_6/EEG.csv,./Finalised/User_14/run_6/Gaze.csv,./Finalised/User_14/run_6/image.csv,6,1,14,./Finalised/User_14/run_6/video.mp4,/Users/nikhilrajput/Downloads/ML_DL/deception detection/BagOfLies/Finalised/User_14/run_6/EEG.csv
128,./Finalised/User_14/run_7/EEG.csv,./Finalised/User_14/run_7/Gaze.csv,./Finalised/User_14/run_7/image.csv,7,0,14,./Finalised/User_14/run_7/video.mp4,/Users/nikhilrajput/Downloads/ML_DL/deception detection/BagOfLies/Finalised/User_14/run_7/EEG.csv
129,./Finalised/User_14/run_8/EEG.csv,./Finalised/User_14/run_8/Gaze.csv,./Finalised/User_14/run_8/image.csv,8,1,14,./Finalised/User_14/run_8/video.mp4,/Users/nikhilrajput/Downloads/ML_DL/deception detection/BagOfLies/Finalised/User_14/run_8/EEG.csv
130,./Finalised/User_14/run_9/EEG.csv,./Finalised/User_14/run_9/Gaze.csv,./Finalised/User_14/run_9/image.csv,9,1,14,./Finalised/User_14/run_9/video.mp4,/Users/nikhilrajput/Downloads/ML_DL/deception detection/BagOfLies/Finalised/User_14/run_9/EEG.csv
141,./Finalised/User_16/run_0/EEG.csv,./Finalised/User_16/run_0/Gaze.csv,./Finalised/User_16/run_0/image.csv,0,1,16,./Finalised/User_16/run_0/video.mp4,/Users/nikhilrajput/Downloads/ML_DL/deception detection/BagOfLies/Finalised/User_16/run_0/EEG.csv
142,./Finalised/User_16/run_1/EEG.csv,./Finalised/User_16/run_1/Gaze.csv,./Finalised/User_16/run_1/image.csv,1,0,16,./Finalised/User_16/run_1/video.mp4,/Users/nikhilrajput/Downloads/ML_DL/deception detection/BagOfLies/Finalised/User_16/run_1/EEG.csv
143,./Finalised/User_16/run_2/EEG.csv,./Finalised/User_16/run_2/Gaze.csv,./Finalised/User_16/run_2/image.csv,2,1,16,./Finalised/User_16/run_2/video.mp4,/Users/nikhilrajput/Downloads/ML_DL/deception detection/BagOfLies/Finalised/User_16/run_2/EEG.csv
144,./Finalised/User_16/run_3/EEG.csv,./Finalised/User_16/run_3/Gaze.csv,./Finalised/User_16/run_3/image.csv,3,0,16,./Finalised/User_16/run_3/video.mp4,/Users/nikhilrajput/Downloads/ML_DL/deception detection/BagOfLies/Finalised/User_16/run_3/EEG.csv
145,./Finalised/User_16/run_4/EEG.csv,./Finalised/User_16/run_4/Gaze.csv,./Finalised/User_16/run_4/image.csv,4,0,16,./Finalised/User_16/run_4/video.mp4,/Users/nikhilrajput/Downloads/ML_DL/deception detection/BagOfLies/Finalised/User_16/run_4/EEG.csv
146,./Finalised/User_16/run_5/EEG.csv,./Finalised/User_16/run_5/Gaze.csv,./Finalised/User_16/run_5/image.csv,5,1,16,./Finalised/User_16/run_5/video.mp4,/Users/nikhilrajput/Downloads/ML_DL/deception detection/BagOfLies/Finalised/User_16/run_5/EEG.csv
147,./Finalised/User_16/run_6/EEG.csv,./Finalised/User_16/run_6/Gaze.csv,./Finalised/User_16/run_6/image.csv,6,0,16,./Finalised/User_16/run_6/video.mp4,/Users/nikhilrajput/Downloads/ML_DL/deception detection/BagOfLies/Finalised/User_16/run_6/EEG.csv
148,./Finalised/User_16/run_7/EEG.csv,./Finalised/User_16/run_7/Gaze.csv,./Finalised/User_16/run_7/image.csv,7,0,16,./Finalised/User_16/run_7/video.mp4,/Users/nikhilrajput/Downloads/ML_DL/deception detection/BagOfLies/Finalised/User_16/run_7/EEG.csv
149,./Finalised/User_16/run_8/EEG.csv,./Finalised/User_16/run_8/Gaze.csv,./Finalised/User_16/run_8/image.csv,8,1,16,./Finalised/User_16/run_8/video.mp4,/Users/nikhilrajput/Downloads/ML_DL/deception detection/BagOfLies/Finalised/User_16/run_8/EEG.csv
150,./Finalised/User_16/run_9/EEG.csv,./Finalised/User_16/run_9/Gaze.csv,./Finalised/User_16/run_9/image.csv,9,1,16,./Finalised/User_16/run_9/video.mp4,/Users/nikhilrajput/Downloads/ML_DL/deception detection/BagOfLies/Finalised/User_16/run_9/EEG.csv
151,./Finalised/User_17/run_0/EEG.csv,./Finalised/User_17/run_0/Gaze.csv,./Finalised/User_17/run_0/image.csv,0,0,17,./Finalised/User_17/run_0/video.mp4,/Users/nikhilrajput/Downloads/ML_DL/deception detection/BagOfLies/Finalised/User_17/run_0/EEG.csv
152,./Finalised/User_17/run_1/EEG.csv,./Finalised/User_17/run_1/Gaze.csv,./Finalised/User_17/run_1/image.csv,1,1,17,./Finalised/User_17/run_1/video.mp4,/Users/nikhilrajput/Downloads/ML_DL/deception detection/BagOfLies/Finalised/User_17/run_1/EEG.csv
153,./Finalised/User_17/run_2/EEG.csv,./Finalised/User_17/run_2/Gaze.csv,./Finalised/User_17/run_2/image.csv,2,0,17,./Finalised/User_17/run_2/video.mp4,/Users/nikhilrajput/Downloads/ML_DL/deception detection/BagOfLies/Finalised/User_17/run_2/EEG.csv
154,./Finalised/User_17/run_3/EEG.csv,./Finalised/User_17/run_3/Gaze.csv,./Finalised/User_17/run_3/image.csv,3,0,17,./Finalised/User_17/run_3/video.mp4,/Users/nikhilrajput/Downloads/ML_DL/deception detection/BagOfLies/Finalised/User_17/run_3/EEG.csv
155,./Finalised/User_17/run_4/EEG.csv,./Finalised/User_17/run_4/Gaze.csv,./Finalised/User_17/run_4/image.csv,4,1,17,./Finalised/User_17/run_4/video.mp4,/Users/nikhilrajput/Downloads/ML_DL/deception detection/BagOfLies/Finalised/User_17/run_4/EEG.csv
156,./Finalised/User_17/run_5/EEG.csv,./Finalised/User_17/run_5/Gaze.csv,./Finalised/User_17/run_5/image.csv,5,1,17,./Finalised/User_17/run_5/video.mp4,/Users/nikhilrajput/Downloads/ML_DL/deception detection/BagOfLies/Finalised/User_17/run_5/EEG.csv
157,./Finalised/User_17/run_6/EEG.csv,./Finalised/User_17/run_6/Gaze.csv,./Finalised/User_17/run_6/image.csv,6,0,17,./Finalised/User_17/run_6/video.mp4,/Users/nikhilrajput/Downloads/ML_DL/deception detection/BagOfLies/Finalised/User_17/run_6/EEG.csv
158,./Finalised/User_17/run_7/EEG.csv,./Finalised/User_17/run_7/Gaze.csv,./Finalised/User_17/run_7/image.csv,7,1,17,./Finalised/User_17/run_7/video.mp4,/Users/nikhilrajput/Downloads/ML_DL/deception detection/BagOfLies/Finalised/User_17/run_7/EEG.csv
159,./Finalised/User_17/run_8/EEG.csv,./Finalised/User_17/run_8/Gaze.csv,./Finalised/User_17/run_8/image.csv,8,0,17,./Finalised/User_17/run_8/video.mp4,/Users/nikhilrajput/Downloads/ML_DL/deception detection/BagOfLies/Finalised/User_17/run_8/EEG.csv
160,./Finalised/User_17/run_9/EEG.csv,./Finalised/User_17/run_9/Gaze.csv,./Finalised/User_17/run_9/image.csv,9,1,17,./Finalised/User_17/run_9/video.mp4,/Users/nikhilrajput/Downloads/ML_DL/deception detection/BagOfLies/Finalised/User_17/run_9/EEG.csv
161,./Finalised/User_18/run_0/EEG.csv,./Finalised/User_18/run_0/Gaze.csv,./Finalised/User_18/run_0/image.csv,0,1,18,./Finalised/User_18/run_0/video.mp4,/Users/nikhilrajput/Downloads/ML_DL/deception detection/BagOfLies/Finalised/User_18/run_0/EEG.csv
162,./Finalised/User_18/run_1/EEG.csv,./Finalised/User_18/run_1/Gaze.csv,./Finalised/User_18/run_1/image.csv,1,0,18,./Finalised/User_18/run_1/video.mp4,/Users/nikhilrajput/Downloads/ML_DL/deception detection/BagOfLies/Finalised/User_18/run_1/EEG.csv
163,./Finalised/User_18/run_2/EEG.csv,./Finalised/User_18/run_2/Gaze.csv,./Finalised/User_18/run_2/image.csv,2,0,18,./Finalised/User_18/run_2/video.mp4,/Users/nikhilrajput/Downloads/ML_DL/deception detection/BagOfLies/Finalised/User_18/run_2/EEG.csv
164,./Finalised/User_18/run_3/EEG.csv,./Finalised/User_18/run_3/Gaze.csv,./Finalised/User_18/run_3/image.csv,3,1,18,./Finalised/User_18/run_3/video.mp4,/Users/nikhilrajput/Downloads/ML_DL/deception detection/BagOfLies/Finalised/User_18/run_3/EEG.csv
165,./Finalised/User_18/run_4/EEG.csv,./Finalised/User_18/run_4/Gaze.csv,./Finalised/User_18/run_4/image.csv,4,0,18,./Finalised/User_18/run_4/video.mp4,/Users/nikhilrajput/Downloads/ML_DL/deception detection/BagOfLies/Finalised/User_18/run_4/EEG.csv
166,./Finalised/User_18/run_5/EEG.csv,./Finalised/User_18/run_5/Gaze.csv,./Finalised/User_18/run_5/image.csv,5,1,18,./Finalised/User_18/run_5/video.mp4,/Users/nikhilrajput/Downloads/ML_DL/deception detection/BagOfLies/Finalised/User_18/run_5/EEG.csv
167,./Finalised/User_18/run_6/EEG.csv,./Finalised/User_18/run_6/Gaze.csv,./Finalised/User_18/run_6/image.csv,6,0,18,./Finalised/User_18/run_6/video.mp4,/Users/nikhilrajput/Downloads/ML_DL/deception detection/BagOfLies/Finalised/User_18/run_6/EEG.csv
168,./Finalised/User_18/run_7/EEG.csv,./Finalised/User_18/run_7/Gaze.csv,./Finalised/User_18/run_7/image.csv,7,1,18,./Finalised/User_18/run_7/video.mp4,/Users/nikhilrajput/Downloads/ML_DL/deception detection/BagOfLies/Finalised/User_18/run_7/EEG.csv
169,./Finalised/User_18/run_8/EEG.csv,./Finalised/User_18/run_8/Gaze.csv,./Finalised/User_18/run_8/image.csv,8,1,18,./Finalised/User_18/run_8/video.mp4,/Users/nikhilrajput/Downloads/ML_DL/deception detection/BagOfLies/Finalised/User_18/run_8/EEG.csv
170,./Finalised/User_18/run_9/EEG.csv,./Finalised/User_18/run_9/Gaze.csv,./Finalised/User_18/run_9/image.csv,9,1,18,./Finalised/User_18/run_9/video.mp4,/Users/nikhilrajput/Downloads/ML_DL/deception detection/BagOfLies/Finalised/User_18/run_9/EEG.csv
171,./Finalised/User_19/run_0/EEG.csv,./Finalised/User_19/run_0/Gaze.csv,./Finalised/User_19/run_0/image.csv,0,1,19,./Finalised/User_19/run_0/video.mp4,/Users/nikhilrajput/Downloads/ML_DL/deception detection/BagOfLies/Finalised/User_19/run_0/EEG.csv
172,./Finalised/User_19/run_1/EEG.csv,./Finalised/User_19/run_1/Gaze.csv,./Finalised/User_19/run_1/image.csv,1,0,19,./Finalised/User_19/run_1/video.mp4,/Users/nikhilrajput/Downloads/ML_DL/deception detection/BagOfLies/Finalised/User_19/run_1/EEG.csv
173,./Finalised/User_19/run_2/EEG.csv,./Finalised/User_19/run_2/Gaze.csv,./Finalised/User_19/run_2/image.csv,2,1,19,./Finalised/User_19/run_2/video.mp4,/Users/nikhilrajput/Downloads/ML_DL/deception detection/BagOfLies/Finalised/User_19/run_2/EEG.csv
174,./Finalised/User_19/run_3/EEG.csv,./Finalised/User_19/run_3/Gaze.csv,./Finalised/User_19/run_3/image.csv,3,0,19,./Finalised/User_19/run_3/video.mp4,/Users/nikhilrajput/Downloads/ML_DL/deception detection/BagOfLies/Finalised/User_19/run_3/EEG.csv
175,./Finalised/User_19/run_4/EEG.csv,./Finalised/User_19/run_4/Gaze.csv,./Finalised/User_19/run_4/image.csv,4,0,19,./Finalised/User_19/run_4/video.mp4,/Users/nikhilrajput/Downloads/ML_DL/deception detection/BagOfLies/Finalised/User_19/run_4/EEG.csv
176,./Finalised/User_19/run_5/EEG.csv,./Finalised/User_19/run_5/Gaze.csv,./Finalised/User_19/run_5/image.csv,5,1,19,./Finalised/User_19/run_5/video.mp4,/Users/nikhilrajput/Downloads/ML_DL/deception detection/BagOfLies/Finalised/User_19/run_5/EEG.csv
177,./Finalised/User_19/run_6/EEG.csv,./Finalised/User_19/run_6/Gaze.csv,./Finalised/User_19/run_6/image.csv,6,0,19,./Finalised/User_19/run_6/video.mp4,/Users/nikhilrajput/Downloads/ML_DL/deception detection/BagOfLies/Finalised/User_19/run_6/EEG.csv
178,./Finalised/User_19/run_7/EEG.csv,./Finalised/User_19/run_7/Gaze.csv,./Finalised/User_19/run_7/image.csv,7,1,19,./Finalised/User_19/run_7/video.mp4,/Users/nikhilrajput/Downloads/ML_DL/deception detection/BagOfLies/Finalised/User_19/run_7/EEG.csv
179,./Finalised/User_19/run_8/EEG.csv,./Finalised/User_19/run_8/Gaze.csv,./Finalised/User_19/run_8/image.csv,8,1,19,./Finalised/User_19/run_8/video.mp4,/Users/nikhilrajput/Downloads/ML_DL/deception detection/BagOfLies/Finalised/User_19/run_8/EEG.csv
180,./Finalised/User_19/run_9/EEG.csv,./Finalised/User_19/run_9/Gaze.csv,./Finalised/User_19/run_9/image.csv,9,0,19,./Finalised/User_19/run_9/video.mp4,/Users/nikhilrajput/Downloads/ML_DL/deception detection/BagOfLies/Finalised/User_19/run_9/EEG.csv
181,./Finalised/User_20/run_0/EEG.csv,./Finalised/User_20/run_0/Gaze.csv,./Finalised/User_20/run_0/image.csv,0,1,20,./Finalised/User_20/run_0/video.mp4,/Users/nikhilrajput/Downloads/ML_DL/deception detection/BagOfLies/Finalised/User_20/run_0/EEG.csv
182,./Finalised/User_20/run_1/EEG.csv,./Finalised/User_20/run_1/Gaze.csv,./Finalised/User_20/run_1/image.csv,1,0,20,./Finalised/User_20/run_1/video.mp4,/Users/nikhilrajput/Downloads/ML_DL/deception detection/BagOfLies/Finalised/User_20/run_1/EEG.csv
183,./Finalised/User_20/run_2/EEG.csv,./Finalised/User_20/run_2/Gaze.csv,./Finalised/User_20/run_2/image.csv,2,1,20,./Finalised/User_20/run_2/video.mp4,/Users/nikhilrajput/Downloads/ML_DL/deception detection/BagOfLies/Finalised/User_20/run_2/EEG.csv
184,./Finalised/User_20/run_3/EEG.csv,./Finalised/User_20/run_3/Gaze.csv,./Finalised/User_20/run_3/image.csv,3,0,20,./Finalised/User_20/run_3/video.mp4,/Users/nikhilrajput/Downloads/ML_DL/deception detection/BagOfLies/Finalised/User_20/run_3/EEG.csv
185,./Finalised/User_20/run_4/EEG.csv,./Finalised/User_20/run_4/Gaze.csv,./Finalised/User_20/run_4/image.csv,4,1,20,./Finalised/User_20/run_4/video.mp4,/Users/nikhilrajput/Downloads/ML_DL/deception detection/BagOfLies/Finalised/User_20/run_4/EEG.csv
186,./Finalised/User_20/run_5/EEG.csv,./Finalised/User_20/run_5/Gaze.csv,./Finalised/User_20/run_5/image.csv,5,1,20,./Finalised/User_20/run_5/video.mp4,/Users/nikhilrajput/Downloads/ML_DL/deception detection/BagOfLies/Finalised/User_20/run_5/EEG.csv
187,./Finalised/User_20/run_6/EEG.csv,./Finalised/User_20/run_6/Gaze.csv,./Finalised/User_20/run_6/image.csv,6,1,20,./Finalised/User_20/run_6/video.mp4,/Users/nikhilrajput/Downloads/ML_DL/deception detection/BagOfLies/Finalised/User_20/run_6/EEG.csv
188,./Finalised/User_20/run_7/EEG.csv,./Finalised/User_20/run_7/Gaze.csv,./Finalised/User_20/run_7/image.csv,7,1,20,./Finalised/User_20/run_7/video.mp4,/Users/nikhilrajput/Downloads/ML_DL/deception detection/BagOfLies/Finalised/User_20/run_7/EEG.csv
189,./Finalised/User_20/run_8/EEG.csv,./Finalised/User_20/run_8/Gaze.csv,./Finalised/User_20/run_8/image.csv,8,1,20,./Finalised/User_20/run_8/video.mp4,/Users/nikhilrajput/Downloads/ML_DL/deception detection/BagOfLies/Finalised/User_20/run_8/EEG.csv
190,./Finalised/User_20/run_9/EEG.csv,./Finalised/User_20/run_9/Gaze.csv,./Finalised/User_20/run_9/image.csv,9,0,20,./Finalised/User_20/run_9/video.mp4,/Users/nikhilrajput/Downloads/ML_DL/deception detection/BagOfLies/Finalised/User_20/run_9/EEG.csv
201,./Finalised/User_22/run_0/EEG.csv,./Finalised/User_22/run_0/Gaze.csv,./Finalised/User_22/run_0/image.csv,0,0,22,./Finalised/User_22/run_0/video.mp4,/Users/nikhilrajput/Downloads/ML_DL/deception detection/BagOfLies/Finalised/User_22/run_0/EEG.csv
202,./Finalised/User_22/run_1/EEG.csv,./Finalised/User_22/run_1/Gaze.csv,./Finalised/User_22/run_1/image.csv,1,1,22,./Finalised/User_22/run_1/video.mp4,/Users/nikhilrajput/Downloads/ML_DL/deception detection/BagOfLies/Finalised/User_22/run_1/EEG.csv
203,./Finalised/User_22/run_2/EEG.csv,./Finalised/User_22/run_2/Gaze.csv,./Finalised/User_22/run_2/image.csv,2,1,22,./Finalised/User_22/run_2/video.mp4,/Users/nikhilrajput/Downloads/ML_DL/deception detection/BagOfLies/Finalised/User_22/run_2/EEG.csv
204,./Finalised/User_22/run_3/EEG.csv,./Finalised/User_22/run_3/Gaze.csv,./Finalised/User_22/run_3/image.csv,3,0,22,./Finalised/User_22/run_3/video.mp4,/Users/nikhilrajput/Downloads/ML_DL/deception detection/BagOfLies/Finalised/User_22/run_3/EEG.csv
205,./Finalised/User_22/run_4/EEG.csv,./Finalised/User_22/run_4/Gaze.csv,./Finalised/User_22/run_4/image.csv,4,1,22,./Finalised/User_22/run_4/video.mp4,/Users/nikhilrajput/Downloads/ML_DL/deception detection/BagOfLies/Finalised/User_22/run_4/EEG.csv
206,./Finalised/User_22/run_5/EEG.csv,./Finalised/User_22/run_5/Gaze.csv,./Finalised/User_22/run_5/image.csv,5,0,22,./Finalised/User_22/run_5/video.mp4,/Users/nikhilrajput/Downloads/ML_DL/deception detection/BagOfLies/Finalised/User_22/run_5/EEG.csv
207,./Finalised/User_22/run_6/EEG.csv,./Finalised/User_22/run_6/Gaze.csv,./Finalised/User_22/run_6/image.csv,6,1,22,./Finalised/User_22/run_6/video.mp4,/Users/nikhilrajput/Downloads/ML_DL/deception detection/BagOfLies/Finalised/User_22/run_6/EEG.csv
208,./Finalised/User_22/run_7/EEG.csv,./Finalised/User_22/run_7/Gaze.csv,./Finalised/User_22/run_7/image.csv,7,0,22,./Finalised/User_22/run_7/video.mp4,/Users/nikhilrajput/Downloads/ML_DL/deception detection/BagOfLies/Finalised/User_22/run_7/EEG.csv
209,./Finalised/User_22/run_8/EEG.csv,./Finalised/User_22/run_8/Gaze.csv,./Finalised/User_22/run_8/image.csv,8,1,22,./Finalised/User_22/run_8/video.mp4,/Users/nikhilrajput/Downloads/ML_DL/deception detection/BagOfLies/Finalised/User_22/run_8/EEG.csv
210,./Finalised/User_22/run_9/EEG.csv,./Finalised/User_22/run_9/Gaze.csv,./Finalised/User_22/run_9/image.csv,9,0,22,./Finalised/User_22/run_9/video.mp4,/Users/nikhilrajput/Downloads/ML_DL/deception detection/BagOfLies/Finalised/User_22/run_9/EEG.csv
211,./Finalised/User_23/run_0/EEG.csv,./Finalised/User_23/run_0/Gaze.csv,./Finalised/User_23/run_0/image.csv,0,0,23,./Finalised/User_23/run_0/video.mp4,/Users/nikhilrajput/Downloads/ML_DL/deception detection/BagOfLies/Finalised/User_23/run_0/EEG.csv
212,./Finalised/User_23/run_1/EEG.csv,./Finalised/User_23/run_1/Gaze.csv,./Finalised/User_23/run_1/image.csv,1,0,23,./Finalised/User_23/run_1/video.mp4,/Users/nikhilrajput/Downloads/ML_DL/deception detection/BagOfLies/Finalised/User_23/run_1/EEG.csv
213,./Finalised/User_23/run_2/EEG.csv,./Finalised/User_23/run_2/Gaze.csv,./Finalised/User_23/run_2/image.csv,2,0,23,./Finalised/User_23/run_2/video.mp4,/Users/nikhilrajput/Downloads/ML_DL/deception detection/BagOfLies/Finalised/User_23/run_2/EEG.csv
214,./Finalised/User_23/run_3/EEG.csv,./Finalised/User_23/run_3/Gaze.csv,./Finalised/User_23/run_3/image.csv,3,1,23,./Finalised/User_23/run_3/video.mp4,/Users/nikhilrajput/Downloads/ML_DL/deception detection/BagOfLies/Finalised/User_23/run_3/EEG.csv
215,./Finalised/User_23/run_4/EEG.csv,./Finalised/User_23/run_4/Gaze.csv,./Finalised/User_23/run_4/image.csv,4,1,23,./Finalised/User_23/run_4/video.mp4,/Users/nikhilrajput/Downloads/ML_DL/deception detection/BagOfLies/Finalised/User_23/run_4/EEG.csv
216,./Finalised/User_23/run_5/EEG.csv,./Finalised/User_23/run_5/Gaze.csv,./Finalised/User_23/run_5/image.csv,5,1,23,./Finalised/User_23/run_5/video.mp4,/Users/nikhilrajput/Downloads/ML_DL/deception detection/BagOfLies/Finalised/User_23/run_5/EEG.csv
217,./Finalised/User_23/run_6/EEG.csv,./Finalised/User_23/run_6/Gaze.csv,./Finalised/User_23/run_6/image.csv,6,0,23,./Finalised/User_23/run_6/video.mp4,/Users/nikhilrajput/Downloads/ML_DL/deception detection/BagOfLies/Finalised/User_23/run_6/EEG.csv
218,./Finalised/User_23/run_7/EEG.csv,./Finalised/User_23/run_7/Gaze.csv,./Finalised/User_23/run_7/image.csv,7,0,23,./Finalised/User_23/run_7/video.mp4,/Users/nikhilrajput/Downloads/ML_DL/deception detection/BagOfLies/Finalised/User_23/run_7/EEG.csv
219,./Finalised/User_23/run_8/EEG.csv,./Finalised/User_23/run_8/Gaze.csv,./Finalised/User_23/run_8/image.csv,8,1,23,./Finalised/User_23/run_8/video.mp4,/Users/nikhilrajput/Downloads/ML_DL/deception detection/BagOfLies/Finalised/User_23/run_8/EEG.csv
220,./Finalised/User_23/run_9/EEG.csv,./Finalised/User_23/run_9/Gaze.csv,./Finalised/User_23/run_9/image.csv,9,1,23,./Finalised/User_23/run_9/video.mp4,/Users/nikhilrajput/Downloads/ML_DL/deception detection/BagOfLies/Finalised/User_23/run_9/EEG.csv
221,./Finalised/User_24/run_0/EEG.csv,./Finalised/User_24/run_0/Gaze.csv,./Finalised/User_24/run_0/image.csv,0,0,24,./Finalised/User_24/run_0/video.mp4,/Users/nikhilrajput/Downloads/ML_DL/deception detection/BagOfLies/Finalised/User_24/run_0/EEG.csv
222,./Finalised/User_24/run_1/EEG.csv,./Finalised/User_24/run_1/Gaze.csv,./Finalised/User_24/run_1/image.csv,1,0,24,./Finalised/User_24/run_1/video.mp4,/Users/nikhilrajput/Downloads/ML_DL/deception detection/BagOfLies/Finalised/User_24/run_1/EEG.csv
223,./Finalised/User_24/run_2/EEG.csv,./Finalised/User_24/run_2/Gaze.csv,./Finalised/User_24/run_2/image.csv,2,0,24,./Finalised/User_24/run_2/video.mp4,/Users/nikhilrajput/Downloads/ML_DL/deception detection/BagOfLies/Finalised/User_24/run_2/EEG.csv
224,./Finalised/User_24/run_3/EEG.csv,./Finalised/User_24/run_3/Gaze.csv,./Finalised/User_24/run_3/image.csv,3,0,24,./Finalised/User_24/run_3/video.mp4,/Users/nikhilrajput/Downloads/ML_DL/deception detection/BagOfLies/Finalised/User_24/run_3/EEG.csv
225,./Finalised/User_24/run_4/EEG.csv,./Finalised/User_24/run_4/Gaze.csv,./Finalised/User_24/run_4/image.csv,4,1,24,./Finalised/User_24/run_4/video.mp4,/Users/nikhilrajput/Downloads/ML_DL/deception detection/BagOfLies/Finalised/User_24/run_4/EEG.csv
226,./Finalised/User_24/run_5/EEG.csv,./Finalised/User_24/run_5/Gaze.csv,./Finalised/User_24/run_5/image.csv,5,1,24,./Finalised/User_24/run_5/video.mp4,/Users/nikhilrajput/Downloads/ML_DL/deception detection/BagOfLies/Finalised/User_24/run_5/EEG.csv
227,./Finalised/User_24/run_6/EEG.csv,./Finalised/User_24/run_6/Gaze.csv,./Finalised/User_24/run_6/image.csv,6,0,24,./Finalised/User_24/run_6/video.mp4,/Users/nikhilrajput/Downloads/ML_DL/deception detection/BagOfLies/Finalised/User_24/run_6/EEG.csv
228,./Finalised/User_24/run_7/EEG.csv,./Finalised/User_24/run_7/Gaze.csv,./Finalised/User_24/run_7/image.csv,7,0,24,./Finalised/User_24/run_7/video.mp4,/Users/nikhilrajput/Downloads/ML_DL/deception detection/BagOfLies/Finalised/User_24/run_7/EEG.csv
229,./Finalised/User_24/run_8/EEG.csv,./Finalised/User_24/run_8/Gaze.csv,./Finalised/User_24/run_8/image.csv,8,1,24,./Finalised/User_24/run_8/video.mp4,/Users/nikhilrajput/Downloads/ML_DL/deception detection/BagOfLies/Finalised/User_24/run_8/EEG.csv
230,./Finalised/User_24/run_9/EEG.csv,./Finalised/User_24/run_9/Gaze.csv,./Finalised/User_24/run_9/image.csv,9,0,24,./Finalised/User_24/run_9/video.mp4,/Users/nikhilrajput/Downloads/ML_DL/deception detection/BagOfLies/Finalised/User_24/run_9/EEG.csv
231,./Finalised/User_25/run_0/EEG.csv,./Finalised/User_25/run_0/Gaze.csv,./Finalised/User_25/run_0/image.csv,0,1,25,./Finalised/User_25/run_0/video.mp4,/Users/nikhilrajput/Downloads/ML_DL/deception detection/BagOfLies/Finalised/User_25/run_0/EEG.csv
232,./Finalised/User_25/run_1/EEG.csv,./Finalised/User_25/run_1/Gaze.csv,./Finalised/User_25/run_1/image.csv,1,0,25,./Finalised/User_25/run_1/video.mp4,/Users/nikhilrajput/Downloads/ML_DL/deception detection/BagOfLies/Finalised/User_25/run_1/EEG.csv
233,./Finalised/User_25/run_2/EEG.csv,./Finalised/User_25/run_2/Gaze.csv,./Finalised/User_25/run_2/image.csv,2,1,25,./Finalised/User_25/run_2/video.mp4,/Users/nikhilrajput/Downloads/ML_DL/deception detection/BagOfLies/Finalised/User_25/run_2/EEG.csv
234,./Finalised/User_25/run_3/EEG.csv,./Finalised/User_25/run_3/Gaze.csv,./Finalised/User_25/run_3/image.csv,3,0,25,./Finalised/User_25/run_3/video.mp4,/Users/nikhilrajput/Downloads/ML_DL/deception detection/BagOfLies/Finalised/User_25/run_3/EEG.csv
235,./Finalised/User_25/run_4/EEG.csv,./Finalised/User_25/run_4/Gaze.csv,./Finalised/User_25/run_4/image.csv,4,1,25,./Finalised/User_25/run_4/video.mp4,/Users/nikhilrajput/Downloads/ML_DL/deception detection/BagOfLies/Finalised/User_25/run_4/EEG.csv
236,./Finalised/User_25/run_5/EEG.csv,./Finalised/User_25/run_5/Gaze.csv,./Finalised/User_25/run_5/image.csv,5,1,25,./Finalised/User_25/run_5/video.mp4,/Users/nikhilrajput/Downloads/ML_DL/deception detection/BagOfLies/Finalised/User_25/run_5/EEG.csv
237,./Finalised/User_25/run_6/EEG.csv,./Finalised/User_25/run_6/Gaze.csv,./Finalised/User_25/run_6/image.csv,6,0,25,./Finalised/User_25/run_6/video.mp4,/Users/nikhilrajput/Downloads/ML_DL/deception detection/BagOfLies/Finalised/User_25/run_6/EEG.csv
238,./Finalised/User_25/run_7/EEG.csv,./Finalised/User_25/run_7/Gaze.csv,./Finalised/User_25/run_7/image.csv,7,1,25,./Finalised/User_25/run_7/video.mp4,/Users/nikhilrajput/Downloads/ML_DL/deception detection/BagOfLies/Finalised/User_25/run_7/EEG.csv
239,./Finalised/User_25/run_8/EEG.csv,./Finalised/User_25/run_8/Gaze.csv,./Finalised/User_25/run_8/image.csv,8,1,25,./Finalised/User_25/run_8/video.mp4,/Users/nikhilrajput/Downloads/ML_DL/deception detection/BagOfLies/Finalised/User_25/run_8/EEG.csv
240,./Finalised/User_25/run_9/EEG.csv,./Finalised/User_25/run_9/Gaze.csv,./Finalised/User_25/run_9/image.csv,9,1,25,./Finalised/User_25/run_9/video.mp4,/Users/nikhilrajput/Downloads/ML_DL/deception detection/BagOfLies/Finalised/User_25/run_9/EEG.csv
241,./Finalised/User_26/run_0/EEG.csv,./Finalised/User_26/run_0/Gaze.csv,./Finalised/User_26/run_0/image.csv,0,0,26,./Finalised/User_26/run_0/video.mp4,/Users/nikhilrajput/Downloads/ML_DL/deception detection/BagOfLies/Finalised/User_26/run_0/EEG.csv
242,./Finalised/User_26/run_1/EEG.csv,./Finalised/User_26/run_1/Gaze.csv,./Finalised/User_26/run_1/image.csv,1,1,26,./Finalised/User_26/run_1/video.mp4,/Users/nikhilrajput/Downloads/ML_DL/deception detection/BagOfLies/Finalised/User_26/run_1/EEG.csv
243,./Finalised/User_26/run_2/EEG.csv,./Finalised/User_26/run_2/Gaze.csv,./Finalised/User_26/run_2/image.csv,2,0,26,./Finalised/User_26/run_2/video.mp4,/Users/nikhilrajput/Downloads/ML_DL/deception detection/BagOfLies/Finalised/User_26/run_2/EEG.csv
244,./Finalised/User_26/run_3/EEG.csv,./Finalised/User_26/run_3/Gaze.csv,./Finalised/User_26/run_3/image.csv,3,1,26,./Finalised/User_26/run_3/video.mp4,/Users/nikhilrajput/Downloads/ML_DL/deception detection/BagOfLies/Finalised/User_26/run_3/EEG.csv
245,./Finalised/User_26/run_4/EEG.csv,./Finalised/User_26/run_4/Gaze.csv,./Finalised/User_26/run_4/image.csv,4,0,26,./Finalised/User_26/run_4/video.mp4,/Users/nikhilrajput/Downloads/ML_DL/deception detection/BagOfLies/Finalised/User_26/run_4/EEG.csv
246,./Finalised/User_26/run_5/EEG.csv,./Finalised/User_26/run_5/Gaze.csv,./Finalised/User_26/run_5/image.csv,5,1,26,./Finalised/User_26/run_5/video.mp4,/Users/nikhilrajput/Downloads/ML_DL/deception detection/BagOfLies/Finalised/User_26/run_5/EEG.csv
247,./Finalised/User_26/run_6/EEG.csv,./Finalised/User_26/run_6/Gaze.csv,./Finalised/User_26/run_6/image.csv,6,0,26,./Finalised/User_26/run_6/video.mp4,/Users/nikhilrajput/Downloads/ML_DL/deception detection/BagOfLies/Finalised/User_26/run_6/EEG.csv
248,./Finalised/User_26/run_7/EEG.csv,./Finalised/User_26/run_7/Gaze.csv,./Finalised/User_26/run_7/image.csv,7,1,26,./Finalised/User_26/run_7/video.mp4,/Users/nikhilrajput/Downloads/ML_DL/deception detection/BagOfLies/Finalised/User_26/run_7/EEG.csv
249,./Finalised/User_26/run_8/EEG.csv,./Finalised/User_26/run_8/Gaze.csv,./Finalised/User_26/run_8/image.csv,8,1,26,./Finalised/User_26/run_8/video.mp4,/Users/nikhilrajput/Downloads/ML_DL/deception detection/BagOfLies/Finalised/User_26/run_8/EEG.csv
250,./Finalised/User_26/run_9/EEG.csv,./Finalised/User_26/run_9/Gaze.csv,./Finalised/User_26/run_9/image.csv,9,0,26,./Finalised/User_26/run_9/video.mp4,/Users/nikhilrajput/Downloads/ML_DL/deception detection/BagOfLies/Finalised/User_26/run_9/EEG.csv
251,./Finalised/User_27/run_0/EEG.csv,./Finalised/User_27/run_0/Gaze.csv,./Finalised/User_27/run_0/image.csv,0,0,27,./Finalised/User_27/run_0/video.mp4,/Users/nikhilrajput/Downloads/ML_DL/deception detection/BagOfLies/Finalised/User_27/run_0/EEG.csv
252,./Finalised/User_27/run_1/EEG.csv,./Finalised/User_27/run_1/Gaze.csv,./Finalised/User_27/run_1/image.csv,1,0,27,./Finalised/User_27/run_1/video.mp4,/Users/nikhilrajput/Downloads/ML_DL/deception detection/BagOfLies/Finalised/User_27/run_1/EEG.csv
253,./Finalised/User_27/run_2/EEG.csv,./Finalised/User_27/run_2/Gaze.csv,./Finalised/User_27/run_2/image.csv,2,1,27,./Finalised/User_27/run_2/video.mp4,/Users/nikhilrajput/Downloads/ML_DL/deception detection/BagOfLies/Finalised/User_27/run_2/EEG.csv
254,./Finalised/User_27/run_3/EEG.csv,./Finalised/User_27/run_3/Gaze.csv,./Finalised/User_27/run_3/image.csv,3,1,27,./Finalised/User_27/run_3/video.mp4,/Users/nikhilrajput/Downloads/ML_DL/deception detection/BagOfLies/Finalised/User_27/run_3/EEG.csv
255,./Finalised/User_27/run_4/EEG.csv,./Finalised/User_27/run_4/Gaze.csv,./Finalised/User_27/run_4/image.csv,4,1,27,./Finalised/User_27/run_4/video.mp4,/Users/nikhilrajput/Downloads/ML_DL/deception detection/BagOfLies/Finalised/User_27/run_4/EEG.csv
256,./Finalised/User_27/run_5/EEG.csv,./Finalised/User_27/run_5/Gaze.csv,./Finalised/User_27/run_5/image.csv,5,0,27,./Finalised/User_27/run_5/video.mp4,/Users/nikhilrajput/Downloads/ML_DL/deception detection/BagOfLies/Finalised/User_27/run_5/EEG.csv
257,./Finalised/User_27/run_6/EEG.csv,./Finalised/User_27/run_6/Gaze.csv,./Finalised/User_27/run_6/image.csv,6,1,27,./Finalised/User_27/run_6/video.mp4,/Users/nikhilrajput/Downloads/ML_DL/deception detection/BagOfLies/Finalised/User_27/run_6/EEG.csv
258,./Finalised/User_27/run_7/EEG.csv,./Finalised/User_27/run_7/Gaze.csv,./Finalised/User_27/run_7/image.csv,7,1,27,./Finalised/User_27/run_7/video.mp4,/Users/nikhilrajput/Downloads/ML_DL/deception detection/BagOfLies/Finalised/User_27/run_7/EEG.csv
259,./Finalised/User_27/run_8/EEG.csv,./Finalised/User_27/run_8/Gaze.csv,./Finalised/User_27/run_8/image.csv,8,0,27,./Finalised/User_27/run_8/video.mp4,/Users/nikhilrajput/Downloads/ML_DL/deception detection/BagOfLies/Finalised/User_27/run_8/EEG.csv
260,./Finalised/User_27/run_9/EEG.csv,./Finalised/User_27/run_9/Gaze.csv,./Finalised/User_27/run_9/image.csv,9,1,27,./Finalised/User_27/run_9/video.mp4,/Users/nikhilrajput/Downloads/ML_DL/deception detection/BagOfLies/Finalised/User_27/run_9/EEG.csv
261,./Finalised/User_28/run_0/EEG.csv,./Finalised/User_28/run_0/Gaze.csv,./Finalised/User_28/run_0/image.csv,0,1,28,./Finalised/User_28/run_0/video.mp4,/Users/nikhilrajput/Downloads/ML_DL/deception detection/BagOfLies/Finalised/User_28/run_0/EEG.csv
262,./Finalised/User_28/run_1/EEG.csv,./Finalised/User_28/run_1/Gaze.csv,./Finalised/User_28/run_1/image.csv,1,0,28,./Finalised/User_28/run_1/video.mp4,/Users/nikhilrajput/Downloads/ML_DL/deception detection/BagOfLies/Finalised/User_28/run_1/EEG.csv
263,./Finalised/User_28/run_2/EEG.csv,./Finalised/User_28/run_2/Gaze.csv,./Finalised/User_28/run_2/image.csv,2,0,28,./Finalised/User_28/run_2/video.mp4,/Users/nikhilrajput/Downloads/ML_DL/deception detection/BagOfLies/Finalised/User_28/run_2/EEG.csv
264,./Finalised/User_28/run_3/EEG.csv,./Finalised/User_28/run_3/Gaze.csv,./Finalised/User_28/run_3/image.csv,3,1,28,./Finalised/User_28/run_3/video.mp4,/Users/nikhilrajput/Downloads/ML_DL/deception detection/BagOfLies/Finalised/User_28/run_3/EEG.csv
265,./Finalised/User_28/run_4/EEG.csv,./Finalised/User_28/run_4/Gaze.csv,./Finalised/User_28/run_4/image.csv,4,0,28,./Finalised/User_28/run_4/video.mp4,/Users/nikhilrajput/Downloads/ML_DL/deception detection/BagOfLies/Finalised/User_28/run_4/EEG.csv
266,./Finalised/User_28/run_5/EEG.csv,./Finalised/User_28/run_5/Gaze.csv,./Finalised/User_28/run_5/image.csv,5,1,28,./Finalised/User_28/run_5/video.mp4,/Users/nikhilrajput/Downloads/ML_DL/deception detection/BagOfLies/Finalised/User_28/run_5/EEG.csv
267,./Finalised/User_28/run_6/EEG.csv,./Finalised/User_28/run_6/Gaze.csv,./Finalised/User_28/run_6/image.csv,6,1,28,./Finalised/User_28/run_6/video.mp4,/Users/nikhilrajput/Downloads/ML_DL/deception detection/BagOfLies/Finalised/User_28/run_6/EEG.csv
268,./Finalised/User_28/run_7/EEG.csv,./Finalised/User_28/run_7/Gaze.csv,./Finalised/User_28/run_7/image.csv,7,1,28,./Finalised/User_28/run_7/video.mp4,/Users/nikhilrajput/Downloads/ML_DL/deception detection/BagOfLies/Finalised/User_28/run_7/EEG.csv
269,./Finalised/User_28/run_8/EEG.csv,./Finalised/User_28/run_8/Gaze.csv,./Finalised/User_28/run_8/image.csv,8,1,28,./Finalised/User_28/run_8/video.mp4,/Users/nikhilrajput/Downloads/ML_DL/deception detection/BagOfLies/Finalised/User_28/run_8/EEG.csv
270,./Finalised/User_28/run_9/EEG.csv,./Finalised/User_28/run_9/Gaze.csv,./Finalised/User_28/run_9/image.csv,9,1,28,./Finalised/User_28/run_9/video.mp4,/Users/nikhilrajput/Downloads/ML_DL/deception detection/BagOfLies/Finalised/User_28/run_9/EEG.csv
271,./Finalised/User_29/run_0/EEG.csv,./Finalised/User_29/run_0/Gaze.csv,./Finalised/User_29/run_0/image.csv,0,1,29,./Finalised/User_29/run_0/video.mp4,/Users/nikhilrajput/Downloads/ML_DL/deception detection/BagOfLies/Finalised/User_29/run_0/EEG.csv
272,./Finalised/User_29/run_1/EEG.csv,./Finalised/User_29/run_1/Gaze.csv,./Finalised/User_29/run_1/image.csv,1,1,29,./Finalised/User_29/run_1/video.mp4,/Users/nikhilrajput/Downloads/ML_DL/deception detection/BagOfLies/Finalised/User_29/run_1/EEG.csv
273,./Finalised/User_29/run_2/EEG.csv,./Finalised/User_29/run_2/Gaze.csv,./Finalised/User_29/run_2/image.csv,2,0,29,./Finalised/User_29/run_2/video.mp4,/Users/nikhilrajput/Downloads/ML_DL/deception detection/BagOfLies/Finalised/User_29/run_2/EEG.csv
274,./Finalised/User_29/run_3/EEG.csv,./Finalised/User_29/run_3/Gaze.csv,./Finalised/User_29/run_3/image.csv,3,1,29,./Finalised/User_29/run_3/video.mp4,/Users/nikhilrajput/Downloads/ML_DL/deception detection/BagOfLies/Finalised/User_29/run_3/EEG.csv
275,./Finalised/User_29/run_4/EEG.csv,./Finalised/User_29/run_4/Gaze.csv,./Finalised/User_29/run_4/image.csv,4,0,29,./Finalised/User_29/run_4/video.mp4,/Users/nikhilrajput/Downloads/ML_DL/deception detection/BagOfLies/Finalised/User_29/run_4/EEG.csv
276,./Finalised/User_29/run_5/EEG.csv,./Finalised/User_29/run_5/Gaze.csv,./Finalised/User_29/run_5/image.csv,5,1,29,./Finalised/User_29/run_5/video.mp4,/Users/nikhilrajput/Downloads/ML_DL/deception detection/BagOfLies/Finalised/User_29/run_5/EEG.csv
277,./Finalised/User_29/run_6/EEG.csv,./Finalised/User_29/run_6/Gaze.csv,./Finalised/User_29/run_6/image.csv,6,0,29,./Finalised/User_29/run_6/video.mp4,/Users/nikhilrajput/Downloads/ML_DL/deception detection/BagOfLies/Finalised/User_29/run_6/EEG.csv
278,./Finalised/User_29/run_7/EEG.csv,./Finalised/User_29/run_7/Gaze.csv,./Finalised/User_29/run_7/image.csv,7,1,29,./Finalised/User_29/run_7/video.mp4,/Users/nikhilrajput/Downloads/ML_DL/deception detection/BagOfLies/Finalised/User_29/run_7/EEG.csv
279,./Finalised/User_29/run_8/EEG.csv,./Finalised/User_29/run_8/Gaze.csv,./Finalised/User_29/run_8/image.csv,8,0,29,./Finalised/User_29/run_8/video.mp4,/Users/nikhilrajput/Downloads/ML_DL/deception detection/BagOfLies/Finalised/User_29/run_8/EEG.csv
280,./Finalised/User_29/run_9/EEG.csv,./Finalised/User_29/run_9/Gaze.csv,./Finalised/User_29/run_9/image.csv,9,1,29,./Finalised/User_29/run_9/video.mp4,/Users/nikhilrajput/Downloads/ML_DL/deception detection/BagOfLies/Finalised/User_29/run_9/EEG.csv
